capex_id,record_id,new_structures,used_structures,new_machinery_equip,software_capitalized,leased_owned_land,total_capex
1,1,648149.56,324288.22,2134409.24,163994.03,586609.86,3857450.91
2,2,182382.48,353113.35,1902217.25,85306.54,565823.3,3088842.92
3,3,1453747.67,487595.71,1836217.6,159899.67,440276.71,4377737.36
4,4,87812.17,85442.49,1005579.42,871305.4,690137.98,2740277.46
5,5,324248.19,72303.69,2307470.39,51310.49,246449.76,3001782.52
6,6,1460323.49,480483.06,866341.61,180696.03,718833.53,3706677.72
7,7,1920867.76,1766.45,2296187.42,12207.76,398102.09,4629131.48
8,8,997284.48,403727.28,1823951.79,493466.8,173499.08,3891929.43
9,9,1318941.24,226869.24,1325626.08,601216.57,5258.42,3477911.55
10,10,1764335.73,139056.47,1885906.28,820121.39,166110.08,4775529.95
11,11,369679.97,27531.97,1047059.5,145374.42,25945.67,1615591.53
12,12,1156185.43,301642.73,993333.26,87702.68,87110.12,2625974.22
13,13,1987470.36,80667.61,853141.63,660924.61,559877.45,4142081.66
14,14,1144565.18,281088.6,2898879.79,749334.81,288150.92,5362019.3
15,15,71680.09,384255.99,968465.55,897529.78,656211.79,2978143.2
16,16,1516883.98,421654.82,194777.6,470816.84,97618.58,2701751.82
17,17,1718815.88,164604.26,1241273.73,209845.37,167240.78,3501780.02
18,18,116369.17,285683.54,2938049.84,528946.62,70135.79,3939184.96
19,19,1448148.28,302389.01,2364554.53,706805.64,341642.88,5163540.34
20,20,1695595.94,129830.02,1725428.07,623244.15,741684.29,4915782.47
21,21,1228579.96,248198.46,2187554.23,497741.11,646384.29,4808458.05
22,22,1767327.36,116360.82,871464.19,193555.44,94565.71,3043273.52
23,23,929771.27,398366.28,2212405.13,207330.84,492246.4,4240119.92
24,24,829264.19,22746.09,1048950.13,806043.52,169870.35,2876874.28
25,25,1281236.62,345008.53,763252.57,67836.06,240227.2,2697560.98
26,26,1099987.2,383516.3,341510.29,333282.89,316839.46,2475136.14
27,27,1137843.08,480056.41,2496128.31,194015.58,667060.24,4975103.62
28,28,1844559.53,239554.14,1423501.36,35558.25,108603.12,3651776.4
29,29,310772.58,230308.97,2595673.05,895928.6,369976.06,4402659.26
30,30,1628333.25,463894.99,168066.86,521073.22,451954.11,3233322.43
31,31,1356395.25,277588.6,56155.29,577397.64,265375.43,2532912.21
32,32,1832372.9,397891.4,198639.12,149304.91,672591.32,3250799.65
33,33,678304.84,187620.39,1602819.53,165969.49,484551.27,3119265.52
34,34,374757.82,58422.32,2347031.81,308281.42,686255.58,3774748.95
35,35,1419680.03,135748.71,260393.35,877048.73,297266.86,2990137.68
36,36,1658914.94,151314.35,1575301.26,175012.75,299372.55,3859915.85
37,37,74790.07,101049.21,277812.36,505994.69,639220.22,1598866.55
38,38,1809911.6,77038.89,1020347.71,483471.94,699103.28,4089873.42
39,39,620717.42,163668.98,2308444.19,98251.56,785818.78,3976900.93
40,40,1032293.24,496360.17,615561.33,36552.54,310070.57,2490837.85
41,41,1729620.4,57917.99,932943.95,44029.96,678499.22,3443011.52
42,42,1743750.19,166644.88,2667557.63,103102.83,612944.15,5293999.68
43,43,1491109.45,11240.13,2275481.46,638850.85,167876.55,4584558.44
44,44,401111.02,143283.69,1596827.42,772787.1,536899.23,3450908.46
45,45,545308.41,78748.01,343381.18,958298.05,447700.61,2373436.26
46,46,204750.59,271264.36,1648096.97,271052.1,754622.25,3149786.27
47,47,1608005.68,287041.47,513824.93,311377.56,713794.48,3434044.12
48,48,1081154.2,25363.09,86978.06,903292.41,40364.81,2137152.57
49,49,767199.28,43059.79,1175750.28,704677.59,713020.72,3403707.66
50,50,1258941.38,345062.45,1337508.8,355624.31,265865.68,3563002.62
51,51,396294.28,379201.27,2427899.47,78545.61,738227.19,4020167.82
52,52,1528856.57,283894.65,278748.52,802350.5,558879.53,3452729.77
53,53,194525.99,155195.84,1933255.83,766493.5,376436.7,3425907.86
54,54,1894896.54,71860.84,2687102.58,258052.77,290759.48,5202672.21
55,55,366706.14,458632.21,990983.87,860791.59,259808.87,2936922.68
56,56,975013.47,32682.6,338661.17,478652.09,676613.01,2501622.34
57,57,564514.74,174307.72,1724034.77,507949.67,324548.79,3295355.69
58,58,1428546.17,53490.65,1668449.58,70923.99,241694.5,3463104.89
59,59,921949.71,295267.98,715725.88,243691.06,127216.23,2303850.86
60,60,964749.31,33029.97,624714.44,694059.86,344918.8,2661472.38
61,61,1960410.45,283605.6,1026602.5,694133.16,138468.36,4103220.07
62,62,1339210.39,369683.52,2135726.46,836748.19,91458.29,4772826.85
63,63,1192150.99,162689.05,292961.73,445216.23,246428.58,2339446.58
64,64,811587.39,299129.59,2056526.05,596405.42,655892.58,4419541.03
65,65,654816.49,322494.56,184446.66,217611.77,111133.39,1490502.87
66,66,1161535.78,377494.26,2429518.1,757077.72,528705.12,5254330.98
67,67,905948.84,145751.63,1846716.5,447159.77,164529.35,3510106.09
68,68,1754850.71,149867.67,2383039.98,679558.93,734801.3,5702118.59
69,69,1873352.97,358895.61,2745353.74,990289.26,466181.58,6434073.16
70,70,1222981.51,255211.94,2542910.24,852505.18,49928.45,4923537.32
71,71,1802151.39,483949.76,2529.94,560030.26,782956.98,3631618.33
72,72,219396.63,141104.62,93554.23,431715.5,472131.1,1357902.08
73,73,1250428.61,355886.83,1218097.96,435190.05,168972.86,3428576.31
74,74,346820.21,69534.43,1666264.74,843327.67,288230.31,3214177.36
75,75,834470.99,144235.44,2618207.07,125549.15,9282.2,3731744.85
76,76,1296778.49,71997.94,2654666.05,657926.7,779980.02,5461349.2
77,77,271551.49,68610.13,2417824.84,860152.76,714865.98,4333005.2
78,78,1390781.04,465155.51,1869745.44,454394.36,339299.75,4519376.1
79,79,1640142.85,192357.36,677222.76,424771.86,5943.99,2940438.82
80,80,996313.93,365456.69,2136390.0,269250.45,741251.56,4508662.63
81,81,1152704.71,16730.94,113595.1,483268.13,294862.88,2061161.76
82,82,1160537.56,480868.87,240189.32,730185.47,421126.44,3032907.66
83,83,1718701.32,375291.1,838261.12,516949.55,418685.44,3867888.53
84,84,1220141.22,122615.65,1891988.55,663736.94,534973.71,4433456.07
85,85,1368148.04,269598.61,1738885.32,613039.11,722868.22,4712539.3
86,86,1070066.52,5391.7,1362104.32,906055.08,459172.24,3802789.86
87,87,663027.98,176457.27,2933281.54,294617.95,134006.53,4201391.27
88,88,1390102.33,298818.26,912212.53,785021.56,208354.51,3594509.19
89,89,1258600.11,289070.54,1718579.99,656319.89,233402.57,4155973.1
90,90,1474760.15,13649.04,1454280.56,126821.34,61489.81,3131000.9
91,91,1567525.64,126025.49,1847393.28,275217.11,205564.58,4021726.1
92,92,1482858.33,301910.77,2730394.47,738967.23,527324.51,5781455.31
93,93,739533.66,87699.68,2347583.12,236195.88,144647.35,3555659.69
94,94,1054777.71,16545.26,2952214.97,967345.63,476435.27,5467318.84
95,95,1643447.54,418807.11,2258283.89,412947.88,306533.59,5040020.01
96,96,1321334.58,362999.55,501849.78,577757.39,673466.43,3437407.73
97,97,108651.57,132197.75,2458593.03,52523.2,371211.94,3123177.49
98,98,952463.88,238133.12,2844755.32,922459.25,186929.05,5144740.62
99,99,1367019.92,195035.24,787875.45,530442.13,347787.46,3228160.2
100,100,577584.44,398654.52,1146012.28,315688.62,424202.74,2862142.6
101,101,1911741.5,48682.16,1593880.06,353828.09,675391.43,4583523.24
102,102,1220971.14,326032.96,817771.78,270326.12,641853.09,3276955.09
103,103,510687.84,292088.42,1383325.78,675291.12,193437.57,3054830.73
104,104,1343779.71,385248.64,1559856.97,677718.16,794571.88,4761175.36
105,105,626539.66,5288.99,25428.5,67951.95,328999.01,1054208.11
106,106,1050528.53,342749.78,1054549.26,725250.66,201516.89,3374595.12
107,107,68083.53,309698.61,170645.73,594138.58,715173.57,1857740.02
108,108,433649.43,299692.49,365370.39,957795.34,69109.1,2125616.75
109,109,1209371.57,187979.22,2291573.3,647905.84,642560.05,4979389.98
110,110,369537.23,55422.54,552788.98,294568.62,528382.28,1800699.65
111,111,151428.35,226721.88,2985742.12,769359.13,553777.19,4687028.67
112,112,1335158.4,385059.8,772009.79,780731.3,221829.99,3494789.28
113,113,124774.76,194295.21,2987875.7,258238.61,650240.69,4215424.97
114,114,355858.97,34699.24,2938265.94,200669.11,314107.56,3843600.82
115,115,1290966.35,54215.23,1621896.47,431253.58,491173.03,3889504.66
116,116,212499.42,220790.85,776988.77,34860.89,56329.86,1301469.79
117,117,1455090.3,388618.58,56294.38,497701.38,522292.27,2919996.91
118,118,1735.28,18917.82,1171451.46,151607.47,263864.7,1607576.73
119,119,782660.73,1851.88,2122816.96,770990.63,382511.54,4060831.74
120,120,807825.5,363883.71,2436826.96,70099.69,180677.47,3859313.33
121,121,768847.75,344630.65,2339489.66,121203.65,428243.26,4002414.97
122,122,1983202.76,166719.86,908484.23,55194.67,797612.64,3911214.16
123,123,1294148.82,182677.68,2560026.24,340062.79,672945.27,5049860.8
124,124,1520906.16,144979.33,609361.41,554475.47,774010.37,3603732.74
125,125,1321468.18,149435.17,1170314.18,106768.02,551074.07,3299059.62
126,126,973007.08,442607.08,1313951.25,189464.5,28558.63,2947588.54
127,127,50729.21,498191.78,715455.39,388767.53,634191.34,2287335.25
128,128,1286815.28,249842.08,2894861.54,811778.09,773259.31,6016556.3
129,129,32836.57,169642.55,1013155.81,721011.99,324406.28,2261053.2
130,130,423356.35,326924.97,1569358.92,940089.79,696160.02,3955890.05
131,131,1073122.79,370525.75,698956.98,72033.47,588367.78,2803006.77
132,132,977789.43,9531.5,2721536.63,618372.08,194146.04,4521375.68
133,133,1297572.84,7182.6,1897984.36,904662.35,656591.38,4763993.53
134,134,194584.48,305612.94,2506056.47,63957.62,653976.32,3724187.83
135,135,228359.36,297488.7,1846885.58,63110.11,162112.91,2597956.66
136,136,674686.22,417947.97,2213785.21,402008.61,96641.95,3805069.96
137,137,1368176.77,272942.4,964769.66,964692.39,170585.47,3741166.69
138,138,91173.09,86723.82,189665.66,273893.36,606040.07,1247496.0
139,139,336101.71,184963.67,495018.38,243644.61,465588.64,1725317.01
140,140,266741.75,395526.15,1896583.84,376131.06,126202.93,3061185.73
141,141,1759253.88,40361.3,21671.98,926136.96,565393.0,3312817.12
142,142,1187461.05,141865.77,2080510.58,792240.71,380809.98,4582888.09
143,143,253784.84,71543.93,812849.24,450419.13,191403.01,1780000.15
144,144,349097.87,345836.78,1788815.91,717198.76,489639.85,3690589.17
145,145,176042.39,413241.8,903599.3,418785.87,446168.32,2357837.68
146,146,383805.72,493301.76,2930374.44,618920.94,690184.85,5116587.71
147,147,1973564.25,253770.38,1392648.02,626464.25,166486.96,4412933.86
148,148,106138.04,56339.56,447652.25,843781.69,729187.5,2183099.04
149,149,995029.68,79879.8,2768019.12,54027.61,291354.46,4188310.67
150,150,419179.51,125690.89,1850458.05,890079.59,362518.1,3647926.14
151,151,208842.2,26228.29,1612081.92,158045.61,23252.18,2028450.2
152,152,1029807.44,35429.75,705899.49,444820.89,463809.42,2679766.99
153,153,838132.55,373543.38,2695118.27,230063.24,88106.29,4224963.73
154,154,455564.13,118559.18,1237786.37,199955.83,713092.12,2724957.63
155,155,147059.43,292546.13,163018.07,435865.06,172932.13,1211420.82
156,156,1218867.1,89030.38,1120455.25,457740.19,155323.94,3041416.86
157,157,717180.37,134847.27,1007674.01,32094.6,454932.67,2346728.92
158,158,561208.31,55554.64,1396602.89,418223.83,608271.67,3039861.34
159,159,439707.13,147580.76,470364.37,794565.4,762208.11,2614425.77
160,160,1811156.2,289060.72,1658266.91,229702.29,329356.91,4317543.03
161,161,1043537.56,431099.53,649327.81,473488.99,370210.33,2967664.22
162,162,29007.71,214055.18,2617795.41,247831.44,347398.98,3456088.72
163,163,444813.22,463739.84,2838757.06,913754.72,718601.44,5379666.28
164,164,835543.71,22112.1,2973820.51,733476.3,403373.06,4968325.68
165,165,851395.29,197160.08,2429149.56,696653.51,78399.36,4252757.8
166,166,990570.09,41545.76,2259236.08,693159.84,325294.46,4309806.23
167,167,436012.97,179202.84,717187.19,998951.66,12744.13,2344098.79
168,168,1338071.22,80901.42,1377848.51,570380.8,466928.09,3834130.04
169,169,1952841.56,231880.32,415871.74,703134.89,147956.59,3451685.1
170,170,1743103.6,313405.48,2111706.19,1363.65,501844.02,4671422.94
171,171,769758.54,345375.32,1592760.98,296589.98,602310.41,3606795.23
172,172,1396109.97,306250.62,1725688.1,207146.43,547732.15,4182927.27
173,173,1240910.42,167847.34,2796729.8,514736.48,728003.29,5448227.33
174,174,727981.04,25781.29,1148864.99,465352.88,32699.47,2400679.67
175,175,732865.99,324086.33,2114620.98,560758.21,618860.41,4351191.92
176,176,276811.61,167464.84,1618901.48,649038.4,589904.05,3302120.38
177,177,1504554.28,435565.69,2108530.85,753173.5,608708.72,5410533.04
178,178,640927.63,448966.52,1510697.92,422929.13,43568.0,3067089.2
179,179,745627.56,226205.32,1504350.29,829559.83,376131.08,3681874.08
180,180,1063808.96,412689.51,2698353.6,451978.38,294516.68,4921347.13
181,181,1346612.96,346611.54,2934253.33,883130.33,150682.87,5661291.03
182,182,1767957.96,43654.38,1172047.51,178811.82,766605.2,3929076.87
183,183,153894.62,82383.11,336073.74,147954.04,120398.46,840703.97
184,184,408512.32,476052.38,68070.81,416536.66,545922.7,1915094.87
185,185,1863442.94,236952.46,1260389.92,737709.24,17185.84,4115680.4
186,186,378121.32,11018.31,2405967.31,834947.52,415696.39,4045750.85
187,187,671754.74,289352.3,1967281.51,786824.36,388918.71,4104131.62
188,188,1331710.69,265083.11,1645406.14,458007.09,453801.33,4154008.36
189,189,1796563.85,153247.5,2367803.12,226781.94,297521.85,4841918.26
190,190,576292.59,422756.85,445015.01,284382.03,764971.08,2493417.56
191,191,1237260.46,80394.94,1605950.06,182280.51,140287.48,3246173.45
192,192,1416222.31,452355.57,2383371.84,161254.71,93533.87,4506738.3
193,193,1987546.08,287262.59,1322665.91,369672.14,164124.29,4131271.01
194,194,1414268.76,332776.64,2934067.69,147944.21,358743.28,5187800.58
195,195,1950931.36,266821.48,364470.07,24925.21,744855.13,3352003.25
196,196,1537036.33,473894.53,2783433.87,156053.27,776120.13,5726538.13
197,197,1092291.18,253704.52,1941731.86,295556.87,716781.96,4300066.39
198,198,1939211.11,377080.83,2982197.21,666887.73,639660.94,6605037.82
199,199,1457087.58,461146.05,1016053.29,112315.62,383184.99,3429787.53
200,200,80161.83,339004.17,350628.29,24795.59,494017.59,1288607.47
201,201,440729.59,178696.77,979099.41,608151.21,156119.8,2362796.78
202,202,1052867.68,390641.68,2301285.36,195715.67,66871.64,4007382.03
203,203,1698902.78,338531.69,2872871.1,975839.51,315538.89,6201683.97
204,204,980930.72,301585.94,1534667.53,56047.62,533413.11,3406644.92
205,205,795115.99,357981.89,1282921.43,386112.62,9752.63,2831884.56
206,206,689840.43,154042.67,1336728.12,561033.01,172556.12,2914200.35
207,207,1775609.75,370763.84,1246829.33,442504.36,131032.27,3966739.55
208,208,1456001.34,448861.81,2185816.55,414193.79,668409.23,5173282.72
209,209,1195871.41,71819.64,909693.42,988382.43,420240.84,3586007.74
210,210,670833.48,466576.5,1772036.67,375772.41,5295.09,3290514.15
211,211,1277612.0,136664.43,524679.03,462119.96,454333.06,2855408.48
212,212,1829744.22,99628.78,2496851.17,289463.17,392468.49,5108155.83
213,213,1645598.44,150996.45,1755624.76,494100.49,591884.82,4638204.96
214,214,449040.44,395609.77,462071.91,300169.41,512444.17,2119335.7
215,215,1273121.66,62088.46,1997740.39,287689.03,143497.85,3764137.39
216,216,1813586.39,322392.92,85327.75,764718.36,394440.18,3380465.6
217,217,1941250.65,299445.66,1085278.53,480485.91,348854.81,4155315.56
218,218,515823.08,342956.42,2922776.25,818280.79,298561.77,4898398.31
219,219,1465914.54,8772.54,778611.55,581654.5,116909.7,2951862.83
220,220,922087.94,346641.52,1072156.4,52888.33,288930.76,2682704.95
221,221,1272494.27,477578.18,146144.7,291664.1,511157.22,2699038.47
222,222,153653.36,96907.42,1884089.85,764689.38,479009.99,3378350.0
223,223,334271.84,161303.43,948631.3,844994.89,639901.76,2929103.22
224,224,542917.95,348983.76,1087568.03,534420.32,281303.49,2795193.55
225,225,287435.03,68474.72,844253.28,778807.84,329595.6,2308566.47
226,226,1841814.76,81514.57,653628.64,503382.89,665258.84,3745599.7
227,227,1590213.48,279327.61,2068958.49,952495.21,676855.8,5567850.59
228,228,1425094.26,351132.44,2407740.85,417346.26,732824.93,5334138.74
229,229,233131.3,65616.08,52138.2,348209.91,552840.56,1251936.05
230,230,278027.96,220968.95,2962745.2,523121.11,776089.16,4760952.38
231,231,344414.32,152342.13,2233380.65,118596.89,102971.58,2951705.57
232,232,1388488.47,344023.58,922284.97,209841.01,784887.65,3649525.68
233,233,849610.15,381511.84,335166.58,18806.41,387403.92,1972498.9
234,234,862494.95,98175.5,98378.15,659788.84,474540.94,2193378.38
235,235,938164.68,454264.65,129844.49,301645.81,8217.92,1832137.55
236,236,193007.2,61896.78,1805375.92,587603.05,160019.54,2807902.49
237,237,1341201.3,14629.56,436670.93,746198.01,221900.53,2760600.33
238,238,1159502.71,176101.64,2565414.25,780802.14,490365.14,5172185.88
239,239,1009818.46,34168.52,2458759.51,763244.03,423070.99,4689061.51
240,240,1431623.27,482131.9,515320.39,754017.87,3463.14,3186556.57
241,241,1450698.7,462116.05,2761431.53,851296.81,379772.4,5905315.49
242,242,1396265.81,92562.89,2020577.09,107324.5,667793.72,4284524.01
243,243,1962602.25,212045.92,1542753.01,407577.97,609127.56,4734106.71
244,244,628560.54,232950.85,1559182.74,495816.02,289000.37,3205510.52
245,245,576542.52,361068.29,246743.84,493712.8,307824.89,1985892.34
246,246,913891.53,368087.21,2061139.67,841090.18,180698.74,4364907.33
247,247,814564.44,492481.16,1283884.99,856773.75,715803.72,4163508.06
248,248,1604872.8,469541.0,1102324.18,12785.84,539327.13,3728850.95
249,249,1344190.96,198184.88,1567987.13,676518.66,95374.28,3882255.91
250,250,789622.92,347518.56,2932712.56,741432.16,713942.1,5525228.3
251,251,337446.42,181855.0,597259.16,200263.5,675223.6,1992047.68
252,252,808578.06,116434.82,1274112.62,499110.11,611853.61,3310089.22
253,253,1531944.33,296824.99,2268908.83,800984.23,754580.05,5653242.43
254,254,712194.61,333338.51,2850416.45,987523.2,409131.61,5292604.38
255,255,294748.2,227317.37,366570.18,489341.38,184657.43,1562634.56
256,256,1884806.01,14861.76,2213395.07,830312.47,398507.93,5341883.24
257,257,53497.78,89547.84,1813751.77,326955.89,242202.09,2525955.37
258,258,1246465.24,380085.72,1983241.81,519948.91,393750.01,4523491.69
259,259,932043.66,146781.47,1493697.13,504794.76,433950.49,3511267.51
260,260,1618963.19,270264.49,53011.18,763964.91,792569.25,3498773.02
261,261,1760251.34,59567.05,1350346.56,852874.29,354044.92,4377084.16
262,262,71962.24,88434.59,1978233.08,779382.47,707760.18,3625772.56
263,263,328288.49,215340.56,937379.03,389080.49,611208.91,2481297.48
264,264,1137710.45,245276.86,1661351.7,539392.39,375854.7,3959586.1
265,265,1124510.82,78155.48,167211.38,263390.98,472836.09,2106104.75
266,266,755595.41,338243.89,2299412.3,284437.54,49139.18,3726828.32
267,267,1180926.83,64099.03,1099230.28,809553.43,467173.58,3620983.15
268,268,1530388.04,312576.5,1141720.13,428148.19,793556.42,4206389.28
269,269,823859.21,28224.62,732686.66,234622.09,249679.62,2069072.2
270,270,169883.47,343995.63,2606819.88,114471.3,135823.39,3370993.67
271,271,1076833.63,18688.81,1973303.36,422473.04,411807.86,3903106.7
272,272,842345.26,10201.14,1409099.7,22236.45,253211.46,2537094.01
273,273,1140707.08,161210.68,293177.02,488358.62,552691.17,2636144.57
274,274,411816.63,248365.7,2434371.53,667387.56,133301.77,3895243.19
275,275,599041.8,484713.88,605275.88,635444.2,779285.81,3103761.57
276,276,150642.36,425167.15,642240.31,265155.1,237856.22,1721061.14
277,277,1147041.39,402301.51,1873716.87,957941.06,574165.47,4955166.3
278,278,1156386.5,295932.33,820094.8,566428.29,424850.93,3263692.85
279,279,854211.78,173658.24,229984.77,823738.95,403711.63,2485305.37
280,280,599818.04,331728.35,940058.9,414314.25,201011.83,2486931.37
281,281,1030738.46,335780.12,1642687.47,880896.57,502275.15,4392377.77
282,282,1032448.23,93269.47,1497610.89,660806.22,659126.4,3943261.21
283,283,1876205.99,133967.98,1913779.08,808933.48,682219.72,5415106.25
284,284,1813671.65,467317.97,2179845.21,59881.66,160518.42,4681234.91
285,285,924973.37,120186.97,2239300.55,765530.08,675297.6,4725288.57
286,286,820520.52,430092.97,2733413.39,633927.49,676773.59,5294727.96
287,287,533869.52,143522.3,481752.93,686854.9,188903.86,2034903.51
288,288,476966.84,74981.12,83112.52,797044.76,248432.45,1680537.69
289,289,970764.7,495646.55,1266057.39,905655.62,161592.41,3799716.67
290,290,545423.93,14570.93,2369009.52,277771.99,440564.89,3647341.26
291,291,1288587.64,21116.19,2167421.99,782233.75,44261.82,4303621.39
292,292,1793010.95,156952.39,893937.53,63581.7,764070.78,3671553.35
293,293,1793546.49,335836.04,2657158.06,396895.05,671848.38,5855284.02
294,294,1685500.53,118020.58,1712920.14,500248.53,96514.09,4113203.87
295,295,1328434.27,290209.87,2325347.59,525260.14,397160.88,4866412.75
296,296,180497.58,299910.66,2319572.65,313410.33,665867.33,3779258.55
297,297,1474472.71,402920.8,2231876.92,935500.1,174406.71,5219177.24
298,298,213628.03,107054.32,823642.0,408375.56,690319.95,2243019.86
299,299,111850.81,266734.99,2098853.18,112961.35,436596.03,3026996.36
300,300,949708.25,123173.34,833201.29,784273.25,115929.22,2806285.35
301,301,950443.56,183869.64,924514.2,645397.59,724183.55,3428408.54
302,302,69618.86,369724.86,2396823.96,54672.34,733965.83,3624805.85
303,303,1343197.19,126491.45,1154070.64,638949.06,560493.44,3823201.78
304,304,1806314.2,342624.17,1604732.08,236381.89,353922.24,4343974.58
305,305,15732.21,480373.98,2782522.2,917926.69,240710.52,4437265.6
306,306,1872644.81,378333.96,892268.71,859416.74,128181.78,4130846.0
307,307,877691.7,158592.18,2436743.28,644429.5,631453.92,4748910.58
308,308,548073.05,40047.28,2338370.05,491691.86,589553.57,4007735.81
309,309,1852994.44,166361.11,1267098.0,918546.2,80316.45,4285316.2
310,310,320686.69,130485.04,199101.7,420870.53,583385.28,1654529.24
311,311,1095455.46,163384.17,2085630.3,761975.45,513098.24,4619543.62
312,312,367479.24,221702.49,1923296.42,3075.8,160060.25,2675614.2
313,313,611095.08,287904.67,332484.6,249603.57,570851.15,2051939.07
314,314,1535214.72,324590.28,390278.86,594016.12,328252.96,3172352.94
315,315,1878836.44,225744.95,2620517.53,133509.8,138783.22,4997391.94
316,316,1186040.83,163790.22,845391.99,84398.95,294079.65,2573701.64
317,317,786988.36,188660.01,2504037.15,570390.56,16587.71,4066663.79
318,318,45940.19,279264.99,1836009.48,228707.25,71181.26,2461103.17
319,319,924849.77,130891.58,2555492.61,49782.96,494403.24,4155420.16
320,320,1200785.46,74625.6,2874098.59,170122.88,453794.32,4773426.85
321,321,28229.81,262918.85,2320077.96,928284.87,661805.96,4201317.45
322,322,988298.06,112241.97,609436.09,946052.33,650729.94,3306758.39
323,323,532405.69,373221.51,1146220.55,431308.59,165284.76,2648441.1
324,324,431133.2,412044.44,2180124.2,189363.17,144295.9,3356960.91
325,325,1584927.07,14386.56,2928384.49,235485.63,360781.35,5123965.1
326,326,496635.92,291451.54,1941706.7,85738.67,375105.29,3190638.12
327,327,1742886.95,487199.59,1192664.15,212217.66,306796.36,3941764.71
328,328,846581.9,298597.97,219166.85,556999.97,41690.09,1963036.78
329,329,1862129.21,235466.21,1062905.05,606374.46,536633.24,4303508.17
330,330,1604497.01,354782.98,2429558.85,5360.99,403633.6,4797833.43
331,331,761875.35,488761.94,2013786.06,132238.25,713780.76,4110442.36
332,332,82249.98,89686.11,509599.5,492839.83,271341.39,1445716.81
333,333,936169.73,44823.99,2130766.72,432929.66,208324.81,3753014.91
334,334,626539.22,489258.3,1497631.85,973371.49,224800.52,3811601.38
335,335,721184.42,215043.01,2708378.03,263216.39,663671.34,4571493.19
336,336,1853433.76,258486.34,1307326.11,164983.82,589495.39,4173725.42
337,337,982549.56,475025.35,1667024.12,922852.8,509321.75,4556773.58
338,338,879979.19,94459.98,163701.5,183141.32,376198.03,1697480.02
339,339,327109.91,233566.42,348072.14,895175.22,395928.62,2199852.31
340,340,883039.38,494409.29,1682563.56,457759.7,89992.71,3607764.64
341,341,1439527.93,74026.85,1048812.91,203733.71,227293.16,2993394.56
342,342,1669907.32,374968.33,2467715.27,563247.39,530510.14,5606348.45
343,343,424792.31,499002.28,12377.18,766847.63,144455.08,1847474.48
344,344,1840826.39,123078.72,1494332.33,94305.22,262926.22,3815468.88
345,345,568562.5,490667.24,365972.83,373558.31,743318.75,2542079.63
346,346,212139.84,161769.17,86623.51,460233.18,566165.32,1486931.02
347,347,959710.19,314178.37,807955.31,658006.3,263541.54,3003391.71
348,348,87694.0,311182.43,1359305.99,947418.4,799856.89,3505457.71
349,349,1813756.73,398516.73,387960.6,863278.84,641246.37,4104759.27
350,350,565908.02,399073.49,2231399.98,547156.22,481833.22,4225370.93
351,351,185102.02,127581.95,720240.4,770877.49,319133.81,2122935.67
352,352,41024.07,104111.37,1165508.7,402396.23,517734.4,2230774.77
353,353,1908864.91,77067.33,895639.98,801100.42,588711.43,4271384.07
354,354,1843399.62,451867.14,1810540.82,359044.26,76889.2,4541741.04
355,355,734913.65,99935.63,1336327.24,388089.53,214783.52,2774049.57
356,356,1200681.5,45111.17,1267609.05,368236.03,149084.67,3030722.42
357,357,1261372.51,46473.73,1540024.38,973271.79,541152.03,4362294.44
358,358,1295221.23,356817.74,2792002.84,527278.71,517780.31,5489100.83
359,359,167940.2,234109.59,237549.39,801544.69,240314.6,1681458.47
360,360,1968372.47,342156.97,901225.96,248653.51,342185.45,3802594.36
361,361,1137071.37,275497.16,2751906.04,513414.52,408521.27,5086410.36
362,362,826038.81,232328.25,2160930.0,812824.76,284366.11,4316487.93
363,363,1171135.77,384323.39,48806.08,740516.17,370303.16,2715084.57
364,364,1572354.19,421454.91,135776.15,416251.56,563502.84,3109339.65
365,365,627892.71,362047.34,2272062.79,449947.91,646267.25,4358218.0
366,366,682668.76,459055.96,2430018.03,211068.37,62576.42,3845387.54
367,367,1964372.38,129658.84,2020226.29,433798.92,14332.18,4562388.61
368,368,789867.69,6652.3,1967402.92,460163.02,324073.28,3548159.21
369,369,1315434.19,372123.42,2177734.21,302799.98,650505.98,4818597.78
370,370,1233489.65,345331.15,2889424.83,675102.29,643712.59,5787060.51
371,371,175270.26,67556.97,572406.25,815968.22,556825.95,2188027.65
372,372,376442.21,13407.65,1443351.58,145154.19,193424.17,2171779.8
373,373,1684179.42,429094.68,1615747.61,86093.55,615776.92,4430892.18
374,374,296331.29,210939.61,349376.46,902415.34,591024.95,2350087.65
375,375,890531.9,242523.42,58883.34,449516.28,194103.72,1835558.66
376,376,589662.81,414725.38,1175200.18,333850.06,82130.82,2595569.25
377,377,1695259.06,215893.98,1247057.72,495703.21,462929.01,4116842.98
378,378,1462157.09,499513.18,111051.64,399680.37,410684.58,2883086.86
379,379,1449228.37,467640.48,2715219.43,867634.2,185524.63,5685247.11
380,380,121409.36,9509.83,1729210.06,553255.69,214279.1,2627664.04
381,381,1296600.57,444570.3,350822.22,622696.69,516943.85,3231633.63
382,382,896650.79,218115.0,484000.31,726209.14,375392.35,2700367.59
383,383,876221.38,253817.97,1762976.13,684974.08,737388.48,4315378.04
384,384,1706907.58,357599.58,1405401.84,883173.39,578396.0,4931478.39
385,385,780742.47,208430.54,2823590.97,652500.19,288204.45,4753468.62
386,386,944649.69,485470.82,486077.26,207208.59,552558.04,2675964.4
387,387,172383.8,241444.88,519873.31,156314.09,393748.59,1483764.67
388,388,1586964.91,471527.35,1481175.24,234718.91,445464.41,4219850.82
389,389,1998522.45,179393.38,782424.03,676927.86,139771.84,3777039.56
390,390,1718923.34,251739.45,2420446.63,337734.75,91175.43,4820019.6
391,391,453380.51,280990.72,1459095.89,993662.82,627908.64,3815038.58
392,392,1538747.8,385047.45,1671067.05,896317.7,682726.52,5173906.52
393,393,1747391.35,302144.74,312426.07,50422.04,757014.18,3169398.38
394,394,1597973.77,481323.55,2267293.01,974659.76,625321.92,5946572.01
395,395,1219311.7,429193.71,305604.12,562472.87,405844.58,2922426.98
396,396,334092.6,59029.68,616158.68,361638.44,582679.42,1953598.82
397,397,1416326.72,380982.34,1495173.0,870492.71,123436.59,4286411.36
398,398,727473.82,409580.39,368950.41,201890.33,775709.33,2483604.28
399,399,1538438.6,3293.79,2504440.11,473663.33,229406.64,4749242.47
400,400,342523.59,133007.81,2145599.23,415008.61,503552.32,3539691.56
