opex_id,record_id,rent_lease_payments,communication_costs,health_insurance,legal_accounting,rd_expenditure,total_operating_exp
1,1,122725.64,150641.25,529650.27,236164.72,275988.67,1315170.55
2,2,214411.42,183604.01,898065.26,285552.16,1032310.59,2613943.44
3,3,341099.32,188748.05,442578.69,231045.56,1435251.47,2638723.09
4,4,258674.35,13916.24,338303.63,120495.26,1544745.28,2276134.76
5,5,217036.14,78653.25,37093.73,276755.66,301904.2,911442.98
6,6,287278.63,195546.6,980047.07,239721.23,1751626.66,3454220.19
7,7,486330.57,83861.06,885782.85,210237.12,1747092.73,3413304.33
8,8,360775.52,62739.05,344157.36,248101.07,1800417.04,2816190.04
9,9,305200.53,29372.36,403938.07,193163.8,1775159.52,2706834.28
10,10,312179.84,123637.49,442143.82,103575.18,1623662.16,2605198.49
11,11,324378.5,155080.07,880974.68,25284.28,1074866.99,2460584.52
12,12,194996.77,143776.11,879875.62,156140.91,1081580.45,2456369.86
13,13,106867.26,102334.32,312252.41,102212.66,1271371.01,1895037.66
14,14,11710.87,178063.87,539932.64,77607.05,1664457.97,2471772.4
15,15,151971.04,84549.18,505274.59,219595.85,1683166.88,2644557.54
16,16,129878.23,101499.88,123813.02,226967.98,1882686.07,2464845.18
17,17,224368.44,114487.06,5213.4,101694.09,472194.65,917957.64
18,18,372879.04,116318.76,714647.12,281261.83,1331041.09,2816147.84
19,19,422247.89,46767.58,299201.61,200076.71,1630158.46,2598452.25
20,20,286382.87,27994.3,377665.72,221253.7,210453.84,1123750.43
21,21,258225.91,38511.05,778549.51,136292.88,293106.51,1504685.86
22,22,212846.07,82410.59,92248.61,127466.02,260126.64,775097.93
23,23,107392.2,15614.54,676822.44,120826.11,1117936.9,2038592.19
24,24,389412.36,174402.96,584303.78,190938.34,1993023.55,3332080.99
25,25,344508.93,189564.01,731716.96,125076.71,325685.55,1716552.16
26,26,252892.95,96952.88,457712.8,290409.54,1026370.97,2124339.14
27,27,264570.55,138894.14,455432.37,9782.22,313679.4,1182358.68
28,28,279513.35,184339.47,118766.06,255695.34,220672.33,1058986.55
29,29,184792.98,57918.12,522777.5,35322.66,609849.18,1410660.44
30,30,187229.88,58796.26,27977.79,42860.82,1567585.0,1884449.75
31,31,210878.48,187364.13,305163.96,85044.69,366154.27,1154605.53
32,32,369830.16,417.15,547537.3,20269.36,89364.95,1027418.92
33,33,240588.22,61940.38,452374.43,101346.97,754611.26,1610861.26
34,34,417229.99,166736.69,132809.61,41556.69,1272920.53,2031253.51
35,35,380839.39,133444.15,148982.59,218359.25,178629.96,1060255.34
36,36,312385.22,124717.89,387235.12,270073.33,677995.76,1772407.32
37,37,22909.86,134088.77,443096.2,83212.53,177059.78,860367.14
38,38,82807.39,4960.82,630109.21,231478.54,617696.16,1567052.12
39,39,322579.84,128782.84,85152.03,286550.5,1083668.66,1906733.87
40,40,378807.58,191458.56,521753.79,225167.57,1005277.6,2322465.1
41,41,9332.04,131650.88,531859.44,288713.03,549925.06,1511480.45
42,42,102902.5,165938.11,838917.44,173865.83,169295.89,1450919.77
43,43,266771.93,64086.23,588893.03,147441.91,1867697.57,2934890.67
44,44,169978.28,36101.6,24056.94,158370.53,764021.97,1152529.32
45,45,45512.54,195957.22,541779.27,85605.52,365337.85,1234192.4
46,46,384152.35,30845.47,952164.73,203582.57,117827.47,1688572.59
47,47,480561.67,36291.57,713300.62,89407.3,197488.43,1517049.59
48,48,71230.28,178602.2,257934.29,282473.25,1799003.01,2589243.03
49,49,25939.06,47924.59,597004.62,70947.34,1017242.55,1759058.16
50,50,252210.63,189871.41,269287.53,95500.93,1106242.17,1913112.67
51,51,32729.11,5781.29,633541.3,274120.53,37245.67,983417.9
52,52,277037.63,117234.54,101509.42,228893.49,1303101.82,2027776.9
53,53,62785.67,113649.13,445982.26,253883.36,1000864.75,1877165.17
54,54,391440.79,28473.41,540439.75,50456.5,490322.97,1501133.42
55,55,476306.31,192270.42,555152.25,12537.62,1625287.44,2861554.04
56,56,480557.22,124145.98,653058.85,50214.5,120350.06,1428326.61
57,57,460905.36,54660.59,250888.96,203999.34,1998483.74,2968937.99
58,58,421219.34,42550.83,840684.19,84393.39,322832.61,1711680.36
59,59,267044.64,13987.04,89715.1,209528.79,1660996.22,2241271.79
60,60,362536.89,199764.25,878279.29,63255.05,1009640.5,2513475.98
61,61,401028.28,176786.32,945408.47,190550.96,1959280.7,3673054.73
62,62,353877.05,54602.63,662277.03,96491.48,421247.79,1588495.98
63,63,479496.34,65691.45,914018.24,40117.72,1844515.56,3343839.31
64,64,304393.38,855.85,9578.61,52060.81,1111581.31,1478469.96
65,65,348244.97,97795.34,392791.08,24344.64,1753440.58,2616616.61
66,66,325633.24,107729.87,892572.19,244816.98,890353.54,2461105.82
67,67,61707.8,194407.81,376376.45,180393.26,773502.07,1586387.39
68,68,419572.9,162373.94,983795.5,37429.16,740961.28,2344132.78
69,69,96495.43,1872.66,743144.45,227526.3,1361108.7,2430147.54
70,70,354598.89,38302.34,816280.82,187570.97,1616828.99,3013582.01
71,71,110573.84,196023.82,967296.51,11038.81,985675.75,2270608.73
72,72,352023.85,121205.39,7135.4,295279.06,1276872.21,2052515.91
73,73,55473.26,55469.51,500325.64,51143.13,387540.51,1049952.05
74,74,369407.41,134435.11,602972.55,52658.65,1176329.17,2335802.89
75,75,372986.72,25486.18,933563.4,256643.69,1762006.19,3350686.18
76,76,364449.43,54865.59,847667.18,6935.25,1939621.5,3213538.95
77,77,338867.23,122891.31,680680.35,264930.58,3909.93,1411279.4
78,78,213557.24,134619.96,650030.05,256157.94,645998.53,1900363.72
79,79,422170.78,81375.18,121717.7,155488.58,991149.43,1771901.67
80,80,258628.46,8692.93,721220.28,14089.39,1836782.98,2839414.04
81,81,266205.14,63248.39,391858.88,100411.74,1760196.92,2581921.07
82,82,403836.46,198052.93,225628.0,206864.69,1915551.37,2949933.45
83,83,458497.61,39375.36,329224.63,18853.24,1250589.4,2096540.24
84,84,13936.38,86389.79,24023.53,239166.27,1870121.6,2233637.57
85,85,420253.79,49430.71,473576.53,287640.8,1665035.03,2895936.86
86,86,410816.9,103935.01,236743.67,21873.25,1199929.41,1973298.24
87,87,219264.74,19134.15,446456.19,37447.91,1949051.16,2671354.15
88,88,458357.19,75479.03,890083.74,208009.1,1565292.48,3197221.54
89,89,31001.12,160477.42,54788.83,183221.59,863677.98,1293166.94
90,90,50913.79,11157.99,52203.14,254978.79,803366.13,1172619.84
91,91,308650.99,82221.6,864582.74,236242.44,1248016.31,2739714.08
92,92,226705.62,92841.82,428105.74,186063.21,202555.86,1136272.25
93,93,325460.71,135155.22,25972.08,155163.87,1175626.71,1817378.59
94,94,54003.29,2457.72,713299.39,177865.95,1681558.92,2629185.27
95,95,452185.0,25196.33,508898.01,106617.36,962798.61,2055695.31
96,96,310425.44,37184.68,137672.71,13221.24,255361.5,753865.57
97,97,292261.15,102625.15,651704.98,107323.09,1167331.84,2321246.21
98,98,270571.85,29124.94,469523.76,180998.85,582127.89,1532347.29
99,99,485135.53,103536.12,657676.81,43380.12,474774.71,1764503.29
100,100,409591.89,111889.98,54607.29,103144.83,1953021.54,2632255.53
101,101,320277.4,40252.25,68403.78,56806.67,951450.12,1437190.22
102,102,345920.5,93480.48,692413.84,255602.6,1132193.82,2519611.24
103,103,167830.24,59926.32,328619.05,31454.37,1752210.96,2340040.94
104,104,455271.51,99186.13,919953.59,191630.12,1386441.11,3052482.46
105,105,233268.38,42627.7,480746.21,230504.52,1629305.34,2616452.15
106,106,403635.65,75182.36,400312.57,247825.3,13450.78,1140406.66
107,107,4946.05,71577.33,554691.61,42720.59,880816.24,1554751.82
108,108,315667.29,182541.75,359909.24,292592.78,398245.74,1548956.8
109,109,142050.44,43789.01,261998.85,52285.36,1695068.37,2195192.03
110,110,122982.13,39197.51,176077.42,78536.58,202380.43,619174.07
111,111,415722.87,27448.71,654869.2,265503.46,676766.56,2040310.8
112,112,105118.69,91240.74,369640.65,111705.08,342719.61,1020424.77
113,113,263463.37,159804.57,623203.78,130115.42,1421884.28,2598471.42
114,114,59246.66,176544.62,130794.68,56892.34,1065109.42,1488587.72
115,115,347176.95,63590.32,429540.16,190842.88,1842027.19,2873177.5
116,116,381541.19,117465.17,854435.43,88254.82,297133.84,1738830.45
117,117,123585.82,125891.83,280073.31,37937.56,1016538.96,1584027.48
118,118,292041.11,97798.13,727298.54,235399.57,1581994.44,2934531.79
119,119,307443.22,33486.71,388115.84,264726.63,1502272.54,2496044.94
120,120,187133.05,103778.47,178998.52,213746.06,1050951.34,1734607.44
121,121,241648.53,191150.38,473758.16,174356.01,1276211.2,2357124.28
122,122,395312.24,129947.45,207199.6,268465.39,904160.14,1905084.82
123,123,117192.3,43718.75,425022.85,113124.89,314418.67,1013477.46
124,124,421215.8,50905.85,84758.92,225486.83,590096.03,1372463.43
125,125,259410.36,46035.52,41142.92,153678.63,672747.96,1173015.39
126,126,225575.6,86501.13,367511.94,149262.92,546038.93,1374890.52
127,127,12359.1,88337.7,265624.88,22766.53,1802951.69,2192039.9
128,128,147258.91,100352.98,546651.89,23447.7,552849.9,1370561.38
129,129,113870.8,23717.58,360236.89,163807.82,667515.68,1329148.77
130,130,337553.66,50004.73,745211.35,230544.86,1690896.47,3054211.07
131,131,95321.22,120806.81,137865.13,256499.76,1432370.72,2042863.64
132,132,271562.82,52227.09,770076.09,84553.58,693264.72,1871684.3
133,133,498421.17,189163.0,821861.32,227341.82,23781.44,1760568.75
134,134,327045.52,197854.93,951488.85,259639.84,455156.99,2191186.13
135,135,361667.95,41975.0,233723.19,176101.09,1105230.51,1918697.74
136,136,234369.17,162879.54,340659.57,25762.76,1691603.34,2455274.38
137,137,214396.49,188385.96,417687.86,131604.24,1705888.25,2657962.8
138,138,15052.04,27790.05,873750.21,91671.58,1475610.12,2483874.0
139,139,249900.11,131769.63,354662.44,67647.19,851438.7,1655418.07
140,140,376313.09,152568.32,690518.61,89891.16,1173910.17,2483201.35
141,141,283788.71,6441.8,139134.74,293173.0,1988514.74,2711052.99
142,142,284095.44,159829.16,913752.2,172163.62,781771.78,2311612.2
143,143,190659.28,189738.53,63709.25,115930.15,949555.31,1509592.52
144,144,164420.68,192387.63,639003.31,91393.64,342847.32,1430052.58
145,145,337442.77,35527.22,826474.83,181009.17,53677.01,1434131.0
146,146,99499.37,182269.06,385894.11,61767.69,582211.06,1311641.29
147,147,262197.85,90932.74,368652.27,3314.13,653544.14,1378641.13
148,148,454906.22,78221.05,989595.12,38741.3,836826.41,2398290.1
149,149,371571.38,77798.58,903587.5,61943.91,1740898.14,3155799.51
150,150,154878.59,163579.22,664792.65,47634.37,1150182.77,2181067.6
151,151,155156.87,40594.57,716772.05,137686.93,403405.46,1453615.88
152,152,495542.56,89146.32,824582.62,181454.58,493680.25,2084406.33
153,153,164445.73,113845.81,490958.63,138808.64,78169.58,986228.39
154,154,45551.34,129259.83,918895.87,104034.55,1685278.95,2883020.54
155,155,396173.39,78218.07,823429.61,254953.17,830105.52,2382879.76
156,156,89789.05,123547.3,432076.61,115399.5,1318160.07,2078972.53
157,157,349261.02,19106.83,698644.76,13099.34,1771083.64,2851195.59
158,158,78966.11,176511.17,537737.54,199997.08,133487.73,1126699.63
159,159,363268.88,180446.94,908736.47,123383.45,1523721.6,3099557.34
160,160,60615.31,73746.41,755396.87,151318.45,1559021.28,2600098.32
161,161,205048.03,32967.82,207372.1,13390.55,53435.76,512214.26
162,162,319433.31,135124.41,461903.97,103097.31,798683.67,1818242.67
163,163,97201.79,7554.93,250605.73,212729.88,272961.14,841053.47
164,164,335147.79,92849.11,461357.0,24764.59,1314045.21,2228163.7
165,165,356790.77,87544.73,470787.73,83742.57,322733.06,1321598.86
166,166,419247.93,121397.71,177236.6,37245.41,1482892.97,2238020.62
167,167,84226.69,134278.43,11210.62,81975.68,881315.98,1193007.4
168,168,88970.11,142882.45,892687.71,159689.64,884116.29,2168346.2
169,169,23878.01,126958.08,522874.46,198761.98,1320080.82,2192553.35
170,170,51396.64,138069.34,443986.68,179461.61,97329.39,910243.66
171,171,188697.77,40347.61,249699.78,272626.92,399971.38,1151343.46
172,172,8019.22,5588.83,14559.96,246157.96,1359919.05,1634245.02
173,173,31585.74,191749.05,96603.21,250615.52,1328217.51,1898771.03
174,174,362005.75,8802.5,512500.1,244687.3,645359.15,1773354.8
175,175,313393.22,124934.67,934327.37,118519.18,855760.59,2346935.03
176,176,116204.07,21177.06,323367.83,4498.37,1307985.52,1773232.85
177,177,5990.69,42553.59,220096.19,197388.51,556915.25,1022944.23
178,178,311954.7,8787.79,885460.05,123329.05,1535090.26,2864621.85
179,179,249788.01,198094.86,712531.11,237377.93,1844447.82,3242239.73
180,180,284602.53,50388.03,94744.57,97306.29,1261747.85,1788789.27
181,181,194282.72,184910.68,771406.41,39879.43,350662.09,1541141.33
182,182,380858.14,137525.02,978021.53,199911.18,135026.97,1831342.84
183,183,8824.4,182420.65,448911.57,153307.84,1483627.84,2277092.3
184,184,251710.02,140925.83,13291.68,6364.01,1517882.06,1930173.6
185,185,62028.08,47279.27,428497.87,73063.72,158779.28,769648.22
186,186,68777.74,99745.3,202011.79,112724.38,1284077.79,1767337.0
187,187,119031.98,145061.68,988551.38,133117.86,1754663.82,3140426.72
188,188,67133.51,63507.73,786970.88,11882.24,1583559.54,2513053.9
189,189,207446.7,162542.11,750550.91,68703.01,1465746.26,2654988.99
190,190,171364.21,41163.49,54073.98,275303.45,1976752.55,2518657.68
191,191,400725.9,139255.61,222444.05,261811.73,1042943.85,2067181.14
192,192,91772.74,125956.5,64616.88,147492.69,1907322.38,2337161.19
193,193,26053.43,198402.51,938274.53,37668.3,347351.65,1547750.42
194,194,274423.55,159046.62,204373.33,152227.36,852479.63,1642550.49
195,195,233537.12,32831.76,197536.26,127205.03,1211702.47,1802812.64
196,196,151550.35,115284.37,967725.81,60420.3,1724851.05,3019831.88
197,197,240585.35,190202.64,359581.94,113315.25,941426.97,1845112.15
198,198,211348.63,121878.84,433430.49,46763.54,1907515.05,2720936.55
199,199,241000.36,152385.86,427397.29,24969.86,1812914.07,2658667.44
200,200,150115.78,107439.54,552852.14,52709.8,760900.47,1624017.73
201,201,152923.64,56645.15,562142.1,144253.3,666468.28,1582432.47
202,202,357431.69,39143.15,916131.94,1254.17,1723310.25,3037271.2
203,203,365184.32,74851.56,404555.26,124746.05,789299.4,1758636.59
204,204,371096.99,76807.48,307810.83,296256.62,142468.71,1194440.63
205,205,442499.79,198494.49,124477.51,279638.87,324724.77,1369835.43
206,206,381475.43,191419.38,771270.38,225473.22,697157.38,2266795.79
207,207,354564.23,126995.95,368180.54,17311.39,770666.32,1637718.43
208,208,212020.17,49358.36,477725.56,276440.56,722828.58,1738373.23
209,209,353279.48,5651.22,665675.64,44365.28,1210871.27,2279842.89
210,210,472132.61,29473.48,247414.8,173502.54,1325209.33,2247732.76
211,211,80713.71,23346.13,92305.81,213482.84,768695.46,1178543.95
212,212,353034.89,194829.12,80348.32,272984.74,1752012.33,2653209.4
213,213,82911.8,85374.29,691836.8,150194.05,1066402.62,2076719.56
214,214,443325.44,117215.95,733933.44,225738.68,1848641.18,3368854.69
215,215,434708.98,21854.81,572611.7,239260.18,1628456.04,2896891.71
216,216,134510.67,41905.11,748290.25,209702.7,12840.61,1147249.34
217,217,84199.35,98344.65,96870.66,232123.09,835679.21,1347216.96
218,218,208421.16,57668.05,430949.59,52920.39,372800.08,1122759.27
219,219,67166.03,97294.25,502613.75,33071.47,1134184.27,1834329.77
220,220,106286.69,40188.17,749915.74,242753.59,383769.67,1522913.86
221,221,491473.56,174323.11,440730.45,273891.42,218390.89,1598809.43
222,222,318216.82,15961.96,85707.06,37404.47,128524.87,585815.18
223,223,14833.33,46956.03,485194.35,228160.08,19013.15,794156.94
224,224,133040.38,191042.75,665322.28,236762.15,83718.69,1309886.25
225,225,105534.18,158357.31,375665.8,156022.24,1924115.76,2719695.29
226,226,132917.9,97185.23,756911.64,181311.47,673100.4,1841426.64
227,227,340930.0,68615.49,315223.8,71879.11,722421.25,1519069.65
228,228,199235.68,122161.81,975305.06,261923.23,1612540.41,3171166.19
229,229,1542.33,174108.3,401808.36,250626.35,1850074.23,2678159.57
230,230,12840.21,24578.91,530629.34,285318.58,1502879.48,2356246.52
231,231,124268.82,90383.62,686184.9,260955.92,1029828.0,2191621.26
232,232,330114.21,625.82,638073.26,282581.31,644367.14,1895761.74
233,233,316888.65,174686.9,969597.58,220743.91,1355858.84,3037775.88
234,234,116779.33,96907.23,739204.63,238188.11,696667.92,1887747.22
235,235,469542.38,188295.52,476121.92,197501.7,1398999.47,2730460.99
236,236,50227.86,76971.71,607173.81,213582.59,1739717.45,2687673.42
237,237,438117.0,156972.39,716665.63,9523.72,995850.11,2317128.85
238,238,43544.95,166470.82,996304.74,296165.88,933606.09,2436092.48
239,239,448204.29,191010.24,482168.55,162200.37,486712.0,1770295.45
240,240,85216.51,188841.98,699909.0,31640.9,1986722.94,2992331.33
241,241,14610.89,185800.7,326500.8,115046.94,560715.69,1202675.02
242,242,359587.49,133186.54,951503.88,201180.38,1330952.74,2976411.03
243,243,461368.09,126709.64,491958.78,238662.14,665602.24,1984300.89
244,244,111903.11,115194.42,923847.5,19400.11,686451.56,1856796.7
245,245,455083.56,148593.56,725028.09,196175.89,1570163.76,3095044.86
246,246,483124.0,87392.45,233367.44,77728.18,581953.01,1463565.08
247,247,55691.26,68047.57,592200.49,56446.91,1884015.35,2656401.58
248,248,286419.5,25483.49,313372.29,114058.53,1473835.78,2213169.59
249,249,155399.46,118011.96,189857.68,116443.66,847396.99,1427109.75
250,250,385640.45,159503.63,933925.17,37892.21,1327485.56,2844447.02
251,251,295387.99,21317.18,9188.52,255708.61,631852.45,1213454.75
252,252,408073.98,59364.71,218904.24,203994.28,294850.72,1185187.93
253,253,141696.41,149411.99,849127.47,248325.39,68687.73,1457248.99
254,254,160069.68,100475.6,688600.0,82035.76,1695338.53,2726519.57
255,255,286985.98,126215.41,215705.06,87448.53,1932991.41,2649346.39
256,256,29406.29,162042.04,152702.23,215029.89,1696139.9,2255320.35
257,257,467216.45,45014.35,735725.57,276947.36,1552077.47,3076981.2
258,258,428389.4,145479.09,299101.78,244503.65,1824752.75,2942226.67
259,259,79596.61,4313.16,392285.57,126731.24,946843.24,1549769.82
260,260,174153.58,78272.54,71823.22,218026.38,564728.17,1107003.89
261,261,461531.89,140221.73,548010.03,29195.87,646837.17,1825796.69
262,262,395638.73,173171.09,54123.3,280372.63,608148.02,1511453.77
263,263,327316.99,115431.48,441883.74,144732.52,1794436.17,2823800.9
264,264,104883.17,160871.69,195655.07,195371.4,724451.55,1381232.88
265,265,428070.65,20389.57,785499.25,257529.23,753111.59,2244600.29
266,266,491350.27,135889.05,168222.92,16899.45,711167.71,1523529.4
267,267,236937.88,189012.64,117346.85,154630.55,676971.64,1374899.56
268,268,216910.72,29713.66,722550.42,73500.3,237605.08,1280280.18
269,269,198322.4,60537.92,596155.48,51746.1,1490400.47,2397162.37
270,270,387924.9,198232.79,670735.89,26883.34,927347.55,2211124.47
271,271,409097.58,76420.18,632333.51,133535.48,23204.84,1274591.59
272,272,58313.82,24410.31,641409.33,272543.54,449870.08,1446547.08
273,273,293425.25,197469.87,479498.37,208117.76,189106.48,1367617.73
274,274,296439.5,76791.98,999954.19,210821.1,596726.69,2180733.46
275,275,62618.22,65045.79,713768.15,258663.15,1075022.13,2175117.44
276,276,202665.26,140148.38,393796.54,245238.85,1566949.11,2548798.14
277,277,265043.83,12786.33,837143.94,161694.54,1637655.21,2914323.85
278,278,325850.33,150701.64,207463.77,197574.71,234652.13,1116242.58
279,279,431001.72,139043.18,5324.0,134169.86,628592.17,1338130.93
280,280,19571.58,115016.21,652640.5,26346.28,513520.97,1327095.54
281,281,376534.37,16922.07,124717.12,89573.38,1932552.33,2540299.27
282,282,85801.6,195420.62,658159.37,74501.13,92332.53,1106215.25
283,283,472897.3,180923.9,293396.83,160230.72,279710.09,1387158.84
284,284,245221.41,62587.21,910783.16,299039.15,1212344.27,2729975.2
285,285,255295.17,137586.06,662617.0,13420.67,73467.9,1142386.8
286,286,70833.67,171217.03,215212.94,40262.4,1104141.25,1601667.29
287,287,295891.57,55479.14,729104.4,126604.5,1099697.22,2306776.83
288,288,130337.22,129953.79,163319.37,136820.32,1889480.97,2449911.67
289,289,338262.84,188039.87,143243.95,61128.87,1259136.4,1989811.93
290,290,134699.84,126623.97,645571.23,214333.49,1127284.31,2248512.84
291,291,323885.56,102285.49,164043.07,246470.34,632720.68,1469405.14
292,292,393892.03,75788.38,964017.7,74249.31,540250.47,2048197.89
293,293,265735.08,136795.85,406781.26,98807.25,177948.32,1086067.76
294,294,454622.69,155614.19,146329.63,239429.21,547293.57,1543289.29
295,295,48973.43,195897.04,222225.57,285534.86,1565467.24,2318098.14
296,296,61751.75,105295.13,875511.92,176648.11,1613596.33,2832803.24
297,297,47770.28,69780.04,572158.07,84599.02,542107.93,1316415.34
298,298,49533.08,9592.66,317996.39,225561.87,361344.97,964028.97
299,299,403042.5,135562.38,788747.4,165501.51,1764042.29,3256896.08
300,300,201325.63,118462.02,259061.03,205997.5,1426445.32,2211291.5
301,301,328781.47,28534.03,567560.78,80210.97,1836883.29,2841970.54
302,302,319596.74,74030.14,777528.16,203464.57,836487.5,2211107.11
303,303,228893.3,87792.0,354001.42,140599.75,573639.32,1384925.79
304,304,476308.16,104118.93,718466.81,277143.59,457528.21,2033565.7
305,305,317817.62,17388.46,305661.5,231173.52,1690491.22,2562532.32
306,306,317338.34,15338.64,240036.74,28090.08,1150633.4,1751437.2
307,307,42292.56,57170.17,929589.01,242504.08,21389.36,1292945.18
308,308,474198.34,135406.61,932441.42,40928.51,995610.41,2578585.29
309,309,342560.93,135354.83,532409.35,37407.48,27800.52,1075533.11
310,310,95092.0,166279.48,7290.26,127493.67,1068649.65,1464805.06
311,311,172530.31,198844.39,661174.11,276137.69,1998335.84,3307022.34
312,312,472470.69,136815.62,42355.98,134595.61,337064.68,1123302.58
313,313,465092.68,152742.09,903798.62,52444.26,734101.87,2308179.52
314,314,66659.4,70658.31,50906.56,148652.36,340967.93,677844.56
315,315,484864.2,67591.72,679063.17,249517.92,1701554.1,3182591.11
316,316,428903.08,58012.95,483124.68,79425.24,4468.62,1053934.57
317,317,315588.23,78724.3,923056.37,278732.7,1918269.88,3514371.48
318,318,257764.51,178683.57,935414.38,267748.17,1696703.56,3336314.19
319,319,28748.36,1178.22,460353.88,89505.19,214328.11,794113.76
320,320,174860.85,144486.72,402068.09,2659.12,861607.63,1585682.41
321,321,98772.22,105819.31,898509.96,123215.72,1826218.22,3052535.43
322,322,3455.23,153889.52,250134.75,141209.6,748618.94,1297308.04
323,323,182247.85,178438.68,536427.38,80844.5,1978738.49,2956696.9
324,324,328139.82,87871.34,139874.4,224127.33,11620.44,791633.33
325,325,441788.13,141843.89,110665.64,85469.93,267360.66,1047128.25
326,326,210527.88,66242.7,31606.54,199861.45,1896751.68,2404990.25
327,327,479849.43,196585.74,118792.31,146720.35,991135.19,1933083.02
328,328,340868.24,25486.8,751089.91,234101.25,799752.05,2151298.25
329,329,362997.28,148378.64,825639.32,39425.3,1915357.19,3291797.73
330,330,396356.48,25224.72,344120.55,4094.69,1368875.33,2138671.77
331,331,26019.92,165967.15,429665.05,179126.05,16057.78,816835.95
332,332,240096.51,56444.67,82614.9,128685.58,1235226.32,1743067.98
333,333,364624.29,37372.05,281138.84,34506.0,527061.46,1244702.64
334,334,350477.88,133266.09,429158.93,142167.85,1565433.84,2620504.59
335,335,51532.45,146091.34,611100.44,56600.7,1709743.84,2575068.77
336,336,314453.95,29745.22,120461.19,120384.95,547723.28,1132768.59
337,337,96088.7,29241.83,17661.35,59893.05,1728700.22,1931585.15
338,338,190176.32,104994.24,700158.86,294037.3,443550.47,1732917.19
339,339,213037.93,12269.94,427072.83,15496.65,220109.9,887987.25
340,340,181788.07,188599.75,711585.6,74090.59,1790212.47,2946276.48
341,341,90875.81,107.19,660430.76,96491.88,570633.94,1418539.58
342,342,140079.68,121304.36,430907.53,75678.91,982572.7,1750543.18
343,343,167141.07,22305.72,668947.54,204888.45,1540927.29,2604210.07
344,344,65154.04,72113.74,810035.25,222879.61,1177822.15,2348004.79
345,345,302356.9,47650.44,275946.95,175298.16,174462.35,975714.8
346,346,53182.76,125911.73,601835.13,12311.68,1936660.36,2729901.66
347,347,442020.69,163481.83,192927.51,133730.94,197274.82,1129435.79
348,348,470909.0,123802.07,301476.42,142259.56,1521976.03,2560423.08
349,349,266778.78,30734.47,127831.94,125463.77,1423206.26,1974015.22
350,350,445793.33,151871.03,846088.04,168103.82,694679.06,2306535.28
351,351,183006.01,125972.93,117428.94,130837.73,965641.24,1522886.85
352,352,261881.38,190488.85,790885.17,50080.54,548297.28,1841633.22
353,353,483743.47,57931.27,955802.92,18238.02,1944948.0,3460663.68
354,354,95095.46,162906.7,495025.9,159740.96,1026975.39,1939744.41
355,355,37492.76,87548.99,509278.37,168749.58,780493.8,1583563.5
356,356,303609.19,41384.92,3600.55,171569.39,1184225.51,1704389.56
357,357,4430.66,185725.46,512795.68,151145.33,1441158.33,2295255.46
358,358,129417.31,170495.02,296363.69,80554.4,238206.79,915037.21
359,359,111964.73,106713.16,291843.3,191884.6,1884092.0,2586497.79
360,360,138878.25,26594.28,873382.84,15455.99,1960047.32,3014358.68
361,361,494768.13,41994.48,116184.84,194593.65,1265365.76,2112906.86
362,362,486109.31,64912.37,946427.83,265195.92,528076.36,2290721.79
363,363,66805.8,179667.15,294895.34,295578.39,1251910.61,2088857.29
364,364,5204.1,71096.63,730476.68,83906.94,511974.42,1402658.77
365,365,7819.24,131463.52,867981.94,281705.07,1166522.43,2455492.2
366,366,361301.1,137623.08,945656.3,77203.55,1252459.28,2774243.31
367,367,302170.84,41231.8,442184.89,97278.91,407837.27,1290703.71
368,368,314900.33,171644.27,395463.41,133816.77,1459623.81,2475448.59
369,369,216951.78,29666.84,479006.89,148788.35,918780.23,1793194.09
370,370,407798.99,35222.11,569657.99,283006.52,360813.28,1656498.89
371,371,141022.12,62032.04,885253.04,245249.76,1374733.65,2708290.61
372,372,93924.01,28704.47,426395.03,136507.25,1290237.52,1975768.28
373,373,201252.15,144861.38,137291.3,225133.26,23577.06,732115.15
374,374,49864.97,76798.11,110035.52,4065.62,1661034.27,1901798.49
375,375,467338.87,26435.81,770117.63,80296.94,1877196.78,3221386.03
376,376,299818.59,158480.09,9396.17,237498.21,1084740.34,1789933.4
377,377,409127.68,170544.04,84965.19,41769.03,1519343.5,2225749.44
378,378,446195.15,163092.98,307384.99,143672.52,487617.72,1547963.36
379,379,271763.22,53491.33,543612.91,6362.37,89051.7,964281.53
380,380,272321.05,20513.22,886456.87,124585.4,2420.84,1306297.38
381,381,112156.37,45335.03,385383.06,105992.97,573692.41,1222559.84
382,382,460845.46,136883.49,686766.29,214455.36,1803229.3,3302179.9
383,383,245910.29,198153.61,224522.46,286939.95,563628.54,1519154.85
384,384,38144.97,66744.96,360493.51,277410.67,169608.62,912402.73
385,385,21673.42,30220.59,428628.4,100453.22,362730.98,943706.61
386,386,212622.27,178623.51,687160.72,187427.48,574011.11,1839845.09
387,387,437701.08,54218.66,499250.78,110733.75,530801.95,1632706.22
388,388,453492.33,159736.71,788856.13,258514.19,1956098.84,3616698.2
389,389,388892.02,29317.82,147780.18,134008.62,1593701.48,2293700.12
390,390,488169.62,162929.95,113164.03,128235.95,1453415.46,2345915.01
391,391,72333.91,64610.68,127535.75,230260.62,705217.52,1199958.48
392,392,247103.24,96257.71,972848.87,180522.93,1273208.37,2769941.12
393,393,69110.64,188806.05,921604.9,114955.56,1098678.52,2393155.67
394,394,269373.62,98520.28,536212.56,69034.35,167235.44,1140376.25
395,395,357460.53,105389.19,776592.56,243387.63,438667.98,1921497.89
396,396,43625.11,72341.89,203279.67,255178.53,724796.88,1299222.08
397,397,236963.18,26718.54,110156.31,273408.58,721717.07,1368963.68
398,398,424664.56,155729.38,139349.28,138116.52,1670504.67,2528364.41
399,399,275750.19,186268.35,421076.97,63221.21,449174.39,1395491.11
400,400,373497.68,23447.16,695780.74,42922.97,1466163.04,2601811.59
